10 , 384 
10 , 384 
10 , 384 
10 , 384 
10 , 384 
10 , 384 
10 , 384 
10 , 384 
10 , 384 
10 , 384 
10 , 384 
10 , 384 
10 , 384 
10 , 384 
10 , 384 
10 , 384 
10 , 384 
10 , 384 
10 , 384 
10 , 384 
10 , 384 
10 , 384 
10 , 384 
10 , 384 
10 , 384 
10 , 384 
10 , 384 
10 , 384 
10 , 384 
10 , 384 
10 , 384 
10 , 384 
10 , 384 
10 , 384 
10 , 384 
10 , 384 
10 , 384 
10 , 384 
10 , 384 
10 , 384 
10 , 384 
10 , 384 
10 , 384 
10 , 384 
10 , 384 
10 , 384 
10 , 384 
10 , 384 
10 , 384 
10 , 384 
10 , 384 
10 , 384 
10 , 384 
10 , 384 
10 , 384 
10 , 384 
10 , 384 
10 , 384 
10 , 384 
10 , 384 
10 , 384 
10 , 384 
10 , 384 
10 , 384 
10 , 384 
10 , 384 
10 , 384 
10 , 384 
10 , 384 
10 , 384 
10 , 384 
10 , 384 
10 , 384 
10 , 384 
10 , 384 
10 , 384 
10 , 384 
10 , 384 
10 , 384 
10 , 384 
2 , 384 
2 , 384 
2 , 384 
2 , 384 
2 , 384 
2 , 384 
2 , 384 
2 , 384 
2 , 384 
2 , 384 
2 , 384 
2 , 384 
2 , 384 
2 , 384 
2 , 384 
2 , 384 
2 , 384 
2 , 384 
2 , 384 
2 , 384 
2 , 384 
2 , 384 
2 , 384 
2 , 384 
2 , 384 
2 , 384 
2 , 384 
2 , 384 
2 , 384 
2 , 384 
2 , 384 
2 , 384 
2 , 384 
2 , 384 
2 , 384 
2 , 384 
2 , 384 
2 , 384 
2 , 384 
2 , 384 
2 , 384 
2 , 384 
2 , 384 
2 , 384 
2 , 384 
2 , 384 
2 , 384 
2 , 384 
2 , 384 
2 , 384 
2 , 384 
2 , 384 
2 , 384 
2 , 384 
2 , 384 
2 , 384 
2 , 384 
2 , 384 
2 , 384 
2 , 384 
2 , 384 
2 , 384 
2 , 384 
2 , 384 
2 , 384 
2 , 384 
2 , 384 
2 , 384 
2 , 384 
2 , 384 
2 , 384 
2 , 384 
2 , 384 
2 , 384 
2 , 384 
2 , 384 
2 , 384 
2 , 384 
2 , 384 
2 , 384 
2 , 384 
2 , 384 
2 , 384 
2 , 384 
2 , 384 
2 , 384 
2 , 384 
2 , 384 
2 , 384 
2 , 384 
2 , 384 
2 , 384 
2 , 384 
2 , 384 
2 , 384 
2 , 384 
2 , 384 
2 , 384 
2 , 384 
2 , 384 
2 , 384 
2 , 384 
2 , 384 
2 , 384 
2 , 384 
2 , 384 
2 , 384 
2 , 384 
2 , 384 
2 , 384 
2 , 384 
2 , 384 
2 , 384 
2 , 384 
2 , 384 
2 , 384 
2 , 384 
2 , 384 
2 , 384 
2 , 384 
2 , 384 
2 , 384 
2 , 384 
2 , 384 
2 , 384 
2 , 384 
2 , 384 
2 , 384 
2 , 384 
2 , 384 
2 , 384 
2 , 384 
2 , 384 
2 , 384 
2 , 384 
2 , 384 
2 , 384 
2 , 384 
2 , 384 
2 , 384 
2 , 384 
2 , 384 
2 , 384 
2 , 384 
2 , 384 
2 , 384 
2 , 384 
2 , 384 
2 , 384 
2 , 384 
2 , 384 
2 , 384 
2 , 384 
2 , 384 
2 , 384 
2 , 384 
2 , 384 
2 , 384 
2 , 384 
2 , 384 
2 , 384 
2 , 384 
2 , 384 
2 , 384 
2 , 384 
2 , 384 
2 , 384 
2 , 384 
2 , 384 
2 , 384 
2 , 384 
2 , 384 
2 , 384 
2 , 384 
2 , 384 
2 , 384 
2 , 384 
2 , 384 
2 , 384 
2 , 384 
2 , 384 
2 , 384 
2 , 384 
2 , 384 
2 , 384 
2 , 384 
2 , 384 
2 , 384 
2 , 384 
2 , 384 
2 , 384 
2 , 384 
2 , 384 
2 , 384 
2 , 384 
2 , 384 
2 , 384 
2 , 384 
2 , 384 
2 , 384 
2 , 384 
2 , 384 
2 , 384 
2 , 384 
2 , 384 
2 , 384 
2 , 384 
2 , 384 
2 , 384 
2 , 384 
2 , 384 
2 , 384 
2 , 384 
2 , 384 
2 , 384 
2 , 384 
2 , 384 
2 , 384 
2 , 384 
2 , 384 
2 , 384 
2 , 384 
2 , 384 
2 , 384 
2 , 384 
2 , 384 
2 , 384 
2 , 384 
2 , 384 
2 , 384 
2 , 384 
2 , 384 
2 , 384 
2 , 384 
2 , 384 
2 , 384 
2 , 384 
2 , 384 
2 , 384 
2 , 384 
2 , 12288 
2 , 12288 
2 , 12288 
2 , 12288 
2 , 12288 
2 , 12288 
2 , 12288 
2 , 12288 
2 , 12288 
2 , 12288 
2 , 12288 
2 , 12288 
2 , 12288 
2 , 12288 
2 , 12288 
2 , 12288 
2 , 12288 
2 , 12288 
2 , 12288 
2 , 12288 
2 , 12288 
2 , 12288 
2 , 12288 
2 , 12288 
2 , 12288 
2 , 12288 
2 , 12288 
2 , 12288 
2 , 12288 
2 , 12288 
2 , 12288 
2 , 12288 
2 , 12288 
2 , 12288 
2 , 12288 
2 , 12288 
2 , 12288 
2 , 12288 
2 , 12288 
2 , 12288 
2 , 12288 
2 , 12288 
2 , 12288 
2 , 12288 
2 , 12288 
2 , 12288 
2 , 12288 
2 , 12288 
2 , 12288 
2 , 12288 
2 , 12288 
2 , 12288 
2 , 12288 
2 , 12288 
2 , 12288 
2 , 12288 
2 , 12288 
2 , 12288 
2 , 12288 
2 , 12288 
2 , 12288 
2 , 12288 
2 , 12288 
2 , 12288 
2 , 12288 
2 , 12288 
2 , 12288 
2 , 12288 
2 , 12288 
2 , 12288 
2 , 12288 
2 , 12288 
2 , 12288 
2 , 12288 
2 , 12288 
2 , 12288 
2 , 12288 
2 , 12288 
2 , 12288 
2 , 12288 
2 , 12288 
2 , 12288 
2 , 12288 
2 , 12288 
2 , 12288 
2 , 12288 
2 , 12288 
2 , 12288 
2 , 12288 
2 , 12288 
2 , 12288 
2 , 12288 
2 , 12288 
2 , 12288 
2 , 12288 
2 , 12288 
2 , 12288 
2 , 12288 
2 , 12288 
2 , 12288 
2 , 12288 
2 , 12288 
2 , 12288 
2 , 12288 
2 , 12288 
2 , 12288 
2 , 12288 
2 , 12288 
2 , 12288 
2 , 12288 
2 , 12288 
2 , 12288 
2 , 12288 
2 , 12288 
2 , 12288 
2 , 12288 
2 , 12288 
2 , 12288 
2 , 12288 
2 , 12288 
2 , 12288 
2 , 12288 
2 , 12288 
2 , 12288 
2 , 12288 
2 , 12288 
2 , 12288 
2 , 12288 
2 , 12288 
2 , 12288 
2 , 12288 
2 , 12288 
2 , 12288 
2 , 12288 
2 , 12288 
2 , 12288 
2 , 12288 
2 , 12288 
2 , 12288 
2 , 12288 
2 , 12288 
2 , 12288 
2 , 12288 
2 , 12288 
2 , 12288 
2 , 12288 
2 , 12288 
2 , 12288 
2 , 12288 
2 , 12288 
2 , 12288 
2 , 12288 
2 , 12288 
2 , 12288 
2 , 12288 
2 , 12288 
2 , 12288 
2 , 12288 
2 , 12288 
2 , 12288 
2 , 12288 
2 , 12288 
2 , 12288 
2 , 12288 
2 , 12288 
2 , 12288 
2 , 12288 
2 , 12288 
2 , 12288 
2 , 12288 
2 , 12288 
2 , 12288 
2 , 12288 
2 , 12288 
2 , 12288 
2 , 12288 
2 , 12288 
2 , 12288 
2 , 12288 
2 , 12288 
2 , 12288 
2 , 12288 
2 , 12288 
2 , 12288 
2 , 12288 
2 , 12288 
2 , 12288 
2 , 12288 
2 , 12288 
2 , 12288 
2 , 12288 
2 , 12288 
2 , 12288 
2 , 12288 
2 , 12288 
2 , 12288 
2 , 12288 
2 , 12288 
2 , 12288 
2 , 12288 
2 , 12288 
2 , 12288 
2 , 12288 
2 , 12288 
2 , 12288 
2 , 12288 
2 , 12288 
2 , 12288 
2 , 12288 
2 , 12288 
2 , 12288 
2 , 12288 
2 , 12288 
2 , 12288 
2 , 12288 
2 , 12288 
2 , 12288 
2 , 12288 
2 , 12288 
2 , 12288 
2 , 12288 
2 , 12288 
2 , 12288 
2 , 12288 
2 , 12288 
2 , 12288 
2 , 12288 
2 , 12288 
2 , 12288 
2 , 12288 
2 , 12288 
2 , 12288 
2 , 12288 
2 , 12288 
2 , 12288 
2 , 12288 
2 , 12288 
2 , 12288 
2 , 12288 
2 , 12288 
2 , 12288 
2 , 12288 
2 , 12288 
2 , 12288 
2 , 12288 
2 , 12288 
2 , 12288 
2 , 12288 
2 , 12288 
2 , 12288 
2 , 12288 
2 , 12288 
2 , 12288 
2 , 12288 
2 , 12288 
2 , 12288 
2 , 12288 
2 , 12288 
2 , 12288 
2 , 12288 
2 , 12288 
2 , 12288 
2 , 12288 
2 , 12288 
2 , 12288 
2 , 12288 
2 , 12288 
2 , 12288 
2 , 12288 
2 , 12288 
2 , 12288 
2 , 12288 
2 , 12288 
2 , 12288 
2 , 12288 
2 , 12288 
2 , 12288 
2 , 12288 
2 , 12288 
2 , 12288 
2 , 12288 
2 , 12288 
2 , 12288 
2 , 12288 
2 , 12288 
2 , 12288 
2 , 12288 
2 , 12288 
2 , 12288 
2 , 12288 
2 , 12288 
2 , 12288 
2 , 12288 
2 , 12288 
2 , 12288 
2 , 12288 
2 , 12288 
2 , 12288 
2 , 12288 
2 , 12288 
2 , 12288 
2 , 12288 
2 , 12288 
2 , 12288 
2 , 12288 
2 , 12288 
2 , 12288 
2 , 12288 
2 , 12288 
2 , 12288 
2 , 12288 
2 , 12288 
2 , 12288 
2 , 12288 
2 , 12288 
2 , 12288 
2 , 12288 
2 , 12288 
2 , 12288 
2 , 12288 
2 , 12288 
2 , 12288 
2 , 12288 
2 , 12288 
2 , 12288 
2 , 12288 
2 , 12288 
2 , 12288 
2 , 12288 
2 , 12288 
2 , 12288 
2 , 12288 
2 , 12288 
2 , 12288 
2 , 12288 
2 , 12288 
2 , 12288 
2 , 12288 
2 , 12288 
2 , 12288 
2 , 12288 
2 , 12288 
2 , 12288 
2 , 12288 
2 , 12288 
2 , 12288 
2 , 12288 
2 , 12288 
2 , 12288 
2 , 12288 
2 , 12288 
2 , 12288 
2 , 12288 
2 , 12288 
2 , 12288 
2 , 12288 
2 , 12288 
2 , 12288 
2 , 12288 
2 , 12288 
2 , 12288 
2 , 12288 
2 , 12288 
2 , 12288 
2 , 12288 
2 , 12288 
2 , 12288 
2 , 12288 
2 , 12288 
2 , 12288 
2 , 12288 
2 , 12288 
2 , 12288 
2 , 12288 
2 , 12288 
2 , 12288 
2 , 12288 
2 , 12288 
2 , 12288 
2 , 12288 
2 , 12288 
2 , 12288 
2 , 12288 
2 , 12288 
2 , 12288 
2 , 12288 
2 , 12288 
2 , 12288 
2 , 12288 
2 , 12288 
2 , 12288 
2 , 12288 
2 , 12288 
2 , 12288 
2 , 12288 
2 , 12288 
2 , 12288 
2 , 12288 
2 , 12288 
2 , 12288 
2 , 12288 
2 , 12288 
2 , 12288 
2 , 12288 
2 , 12288 
2 , 12288 
2 , 12288 
2 , 12288 
2 , 12288 
2 , 12288 
2 , 12288 
2 , 12288 
2 , 12288 
2 , 12288 
2 , 12288 
2 , 12288 
2 , 12288 
2 , 12288 
2 , 12288 
2 , 12288 
2 , 12288 
2 , 12288 
2 , 12288 
2 , 12288 
2 , 12288 
2 , 12288 
2 , 12288 
2 , 12288 
2 , 12288 
2 , 12288 
2 , 12288 
2 , 12288 
2 , 12288 
2 , 12288 
2 , 12288 
2 , 12288 
2 , 12288 
2 , 12288 
2 , 12288 
2 , 12288 
2 , 12288 
2 , 12288 
2 , 12288 
2 , 12288 
2 , 12288 
2 , 12288 
2 , 12288 
2 , 12288 
2 , 12288 
2 , 12288 
2 , 12288 
2 , 12288 
2 , 12288 
2 , 12288 
2 , 12288 
2 , 12288 
2 , 12288 
2 , 12288 
2 , 12288 
2 , 12288 
2 , 12288 
2 , 12288 
2 , 12288 
2 , 12288 
2 , 12288 
2 , 12288 
2 , 12288 
2 , 12288 
2 , 12288 
2 , 12288 
2 , 12288 
2 , 12288 
2 , 12288 
2 , 12288 
2 , 12288 
2 , 12288 
2 , 12288 
2 , 12288 
2 , 12288 
2 , 12288 
2 , 12288 
2 , 12288 
2 , 12288 
2 , 12288 
2 , 12288 
2 , 12288 
2 , 12288 
2 , 12288 
2 , 12288 
2 , 12288 
2 , 12288 
2 , 12288 
2 , 12288 
2 , 12288 
2 , 12288 
2 , 12288 
2 , 12288 
2 , 12288 
2 , 12288 
2 , 12288 
2 , 12288 
2 , 12288 
2 , 12288 
2 , 12288 
2 , 12288 
2 , 12288 
2 , 12288 
2 , 12288 
2 , 12288 
2 , 12288 
2 , 12288 
2 , 12288 
2 , 12288 
2 , 12288 
2 , 12288 
2 , 12288 
2 , 12288 
2 , 12288 
2 , 12288 
2 , 12288 
2 , 12288 
2 , 12288 
2 , 12288 
2 , 12288 
2 , 12288 
2 , 12288 
2 , 12288 
2 , 12288 
2 , 12288 
2 , 12288 
2 , 12288 
2 , 12288 
2 , 12288 
2 , 12288 
2 , 12288 
2 , 12288 
2 , 12288 
2 , 12288 
2 , 12288 
2 , 12288 
2 , 12288 
2 , 12288 
2 , 12288 
2 , 12288 
2 , 12288 
2 , 12288 
2 , 12288 
2 , 12288 
2 , 12288 
2 , 12288 
2 , 12288 
2 , 12288 
2 , 12288 
2 , 12288 
2 , 12288 
2 , 12288 
2 , 12288 
2 , 12288 
2 , 12288 
2 , 12288 
2 , 12288 
2 , 12288 
2 , 12288 
2 , 12288 
2 , 12288 
2 , 12288 
2 , 12288 
2 , 12288 
2 , 12288 
2 , 12288 
2 , 12288 
2 , 12288 
2 , 12288 
2 , 12288 
2 , 12288 
2 , 12288 
2 , 12288 
2 , 12288 
2 , 12288 
2 , 12288 
2 , 12288 
2 , 12288 
2 , 12288 
2 , 12288 
2 , 12288 
2 , 12288 
2 , 12288 
2 , 12288 
2 , 12288 
2 , 12288 
2 , 12288 
2 , 12288 
2 , 12288 
2 , 12288 
2 , 12288 
2 , 12288 
2 , 12288 
2 , 12288 
2 , 12288 
2 , 12288 
2 , 12288 
2 , 12288 
2 , 12288 
2 , 12288 
2 , 12288 
2 , 12288 
2 , 12288 
2 , 12288 
2 , 12288 
2 , 12288 
2 , 12288 
2 , 12288 
2 , 12288 
2 , 12288 
2 , 12288 
2 , 12288 
2 , 12288 
2 , 12288 
2 , 12288 
2 , 12288 
2 , 12288 
2 , 12288 
2 , 12288 
2 , 12288 
2 , 12288 
2 , 12288 
2 , 12288 
2 , 12288 
2 , 12288 
2 , 12288 
2 , 12288 
2 , 12288 
2 , 12288 
2 , 12288 
2 , 12288 
2 , 12288 
2 , 12288 
2 , 12288 
2 , 12288 
2 , 12288 
2 , 12288 
2 , 12288 
2 , 12288 
2 , 12288 
2 , 12288 
2 , 12288 
2 , 12288 
2 , 12288 
2 , 12288 
2 , 12288 
2 , 12288 
2 , 12288 
2 , 12288 
2 , 12288 
2 , 12288 
2 , 12288 
2 , 12288 
2 , 12288 
2 , 12288 
2 , 12288 
2 , 12288 
2 , 12288 
2 , 12288 
2 , 12288 
2 , 12288 
2 , 12288 
2 , 12288 
2 , 12288 
2 , 12288 
2 , 12288 
2 , 12288 
2 , 12288 
2 , 12288 
2 , 12288 
2 , 12288 
2 , 12288 
2 , 12288 
2 , 12288 
2 , 12288 
2 , 12288 
2 , 12288 
2 , 12288 
2 , 12288 
2 , 12288 
2 , 12288 
2 , 12288 
2 , 12288 
2 , 12288 
2 , 12288 
2 , 12288 
2 , 12288 
2 , 12288 
2 , 12288 
2 , 12288 
2 , 12288 
2 , 12288 
2 , 12288 
2 , 12288 
2 , 12288 
2 , 12288 
2 , 12288 
2 , 12288 
2 , 12288 
2 , 12288 
2 , 12288 
2 , 12288 
2 , 12288 
2 , 12288 
2 , 12288 
2 , 12288 
2 , 12288 
2 , 12288 
2 , 12288 
2 , 12288 
2 , 12288 
2 , 12288 
2 , 12288 
2 , 12288 
2 , 12288 
2 , 12288 
2 , 12288 
2 , 12288 
2 , 12288 
2 , 12288 
2 , 12288 
2 , 12288 
2 , 12288 
2 , 12288 
2 , 12288 
2 , 12288 
2 , 12288 
2 , 12288 
2 , 12288 
2 , 12288 
2 , 12288 
2 , 12288 
2 , 12288 
2 , 12288 
2 , 12288 
2 , 12288 
2 , 12288 
2 , 12288 
2 , 12288 
2 , 12288 
2 , 12288 
2 , 12288 
2 , 12288 
2 , 12288 
2 , 12288 
2 , 12288 
2 , 12288 
2 , 12288 
2 , 12288 
2 , 12288 
2 , 12288 
2 , 12288 
2 , 12288 
2 , 12288 
2 , 12288 
2 , 12288 
2 , 12288 
2 , 12288 
2 , 12288 
2 , 12288 
2 , 12288 
2 , 12288 
2 , 12288 
2 , 12288 
2 , 12288 
2 , 12288 
2 , 12288 
2 , 12288 
2 , 12288 
2 , 12288 
2 , 12288 
2 , 12288 
2 , 12288 
2 , 12288 
2 , 12288 
2 , 12288 
2 , 12288 
2 , 12288 
2 , 12288 
2 , 12288 
2 , 12288 
2 , 12288 
2 , 12288 
2 , 12288 
2 , 12288 
2 , 12288 
2 , 12288 
2 , 12288 
2 , 12288 
2 , 12288 
2 , 12288 
2 , 12288 
2 , 12288 
2 , 12288 
2 , 12288 
2 , 12288 
2 , 12288 
2 , 12288 
2 , 12288 
2 , 12288 
2 , 12288 
2 , 12288 
2 , 12288 
2 , 12288 
2 , 12288 
2 , 12288 
2 , 12288 
2 , 12288 
2 , 12288 
2 , 12288 
2 , 12288 
2 , 12288 
2 , 12288 
2 , 12288 
2 , 12288 
2 , 12288 
2 , 12288 
2 , 12288 
2 , 12288 
2 , 12288 
2 , 12288 
2 , 12288 
2 , 12288 
2 , 12288 
2 , 12288 
2 , 12288 
2 , 12288 
2 , 12288 
2 , 12288 
2 , 12288 
2 , 12288 
2 , 12288 
2 , 12288 
2 , 12288 
2 , 12288 
2 , 12288 
2 , 12288 
2 , 12288 
2 , 12288 
2 , 12288 
2 , 12288 
2 , 12288 
2 , 12288 
2 , 12288 
2 , 12288 
2 , 12288 
2 , 12288 
2 , 12288 
2 , 12288 
2 , 12288 
2 , 12288 
2 , 12288 
2 , 12288 
2 , 12288 
2 , 12288 
2 , 12288 
2 , 12288 
2 , 12288 
2 , 12288 
2 , 12288 
2 , 12288 
2 , 12288 
2 , 12288 
2 , 12288 
2 , 12288 
2 , 12288 
2 , 12288 
2 , 12288 
2 , 12288 
2 , 12288 
2 , 12288 
2 , 12288 
2 , 12288 
2 , 12288 
2 , 12288 
2 , 12288 
2 , 12288 
2 , 12288 
2 , 12288 
2 , 12288 
2 , 12288 
2 , 12288 
2 , 12288 
2 , 12288 
2 , 12288 
2 , 12288 
2 , 12288 
2 , 12288 
2 , 12288 
2 , 12288 
2 , 12288 
2 , 12288 
4 , 384 
4 , 384 
4 , 384 
4 , 384 
4 , 384 
4 , 384 
4 , 384 
4 , 384 
4 , 384 
4 , 384 
4 , 384 
4 , 384 
4 , 384 
4 , 384 
4 , 384 
4 , 384 
4 , 384 
4 , 384 
4 , 384 
4 , 384 
4 , 384 
4 , 384 
4 , 384 
4 , 384 
4 , 384 
4 , 384 
4 , 384 
4 , 384 
4 , 384 
4 , 384 
4 , 384 
4 , 384 
4 , 384 
4 , 384 
4 , 384 
4 , 384 
4 , 384 
4 , 384 
4 , 384 
4 , 384 
4 , 384 
4 , 384 
4 , 384 
4 , 384 
4 , 384 
4 , 384 
4 , 384 
4 , 384 
4 , 384 
4 , 384 
4 , 384 
4 , 384 
4 , 384 
4 , 384 
4 , 384 
4 , 384 
4 , 384 
4 , 384 
4 , 384 
4 , 384 
4 , 384 
4 , 384 
4 , 384 
4 , 384 
4 , 384 
4 , 384 
4 , 384 
4 , 384 
4 , 384 
4 , 384 
4 , 384 
4 , 384 
4 , 384 
4 , 384 
4 , 384 
4 , 384 
4 , 384 
4 , 384 
4 , 384 
4 , 384 
16 , 384 
16 , 384 
16 , 384 
16 , 384 
16 , 384 
16 , 384 
16 , 384 
16 , 384 
16 , 384 
16 , 384 
16 , 384 
16 , 384 
16 , 384 
16 , 384 
16 , 384 
16 , 384 
16 , 384 
16 , 384 
16 , 384 
16 , 384 
16 , 384 
16 , 384 
16 , 384 
16 , 384 
16 , 384 
16 , 384 
16 , 384 
16 , 384 
16 , 384 
16 , 384 
16 , 384 
16 , 384 
16 , 384 
16 , 384 
16 , 384 
16 , 384 
16 , 384 
16 , 384 
16 , 384 
16 , 384 
16 , 384 
16 , 384 
16 , 384 
16 , 384 
16 , 384 
16 , 384 
16 , 384 
16 , 384 
16 , 384 
16 , 384 
16 , 384 
16 , 384 
16 , 384 
16 , 384 
16 , 384 
16 , 384 
16 , 384 
16 , 384 
16 , 384 
16 , 384 
16 , 384 
16 , 384 
16 , 384 
16 , 384 
16 , 384 
16 , 384 
16 , 384 
16 , 384 
16 , 384 
16 , 384 
16 , 384 
16 , 384 
16 , 384 
16 , 384 
16 , 384 
16 , 384 
16 , 384 
16 , 384 
16 , 384 
16 , 384 
40 , 384 
40 , 384 
40 , 384 
40 , 384 
40 , 384 
40 , 384 
40 , 384 
40 , 384 
40 , 384 
40 , 384 
40 , 384 
40 , 384 
40 , 384 
40 , 384 
40 , 384 
40 , 384 
40 , 384 
40 , 384 
40 , 384 
40 , 384 
40 , 384 
40 , 384 
40 , 384 
40 , 384 
40 , 384 
40 , 384 
40 , 384 
40 , 384 
40 , 384 
40 , 384 
40 , 384 
40 , 384 
40 , 384 
40 , 384 
40 , 384 
40 , 384 
40 , 384 
40 , 384 
40 , 384 
40 , 384 
40 , 384 
40 , 384 
40 , 384 
40 , 384 
40 , 384 
40 , 384 
40 , 384 
40 , 384 
40 , 384 
40 , 384 
40 , 384 
40 , 384 
40 , 384 
40 , 384 
40 , 384 
40 , 384 
40 , 384 
40 , 384 
40 , 384 
40 , 384 
40 , 384 
40 , 384 
40 , 384 
40 , 384 
40 , 384 
40 , 384 
40 , 384 
40 , 384 
40 , 384 
40 , 384 
40 , 384 
40 , 384 
40 , 384 
40 , 384 
40 , 384 
40 , 384 
40 , 384 
40 , 384 
40 , 384 
40 , 384 
40 , 384 
40 , 384 
40 , 384 
40 , 384 
40 , 384 
40 , 384 
40 , 384 
40 , 384 
40 , 384 
40 , 384 
40 , 384 
40 , 384 
40 , 384 
40 , 384 
40 , 384 
40 , 384 
40 , 384 
40 , 384 
40 , 384 
40 , 384 
40 , 384 
40 , 384 
40 , 384 
40 , 384 
40 , 384 
40 , 384 
40 , 384 
40 , 384 
40 , 384 
40 , 384 
40 , 384 
40 , 384 
40 , 384 
40 , 384 
40 , 384 
40 , 384 
40 , 384 
40 , 384 
40 , 384 
40 , 384 
40 , 384 
40 , 384 
40 , 384 
40 , 384 
40 , 384 
40 , 384 
40 , 384 
40 , 384 
40 , 384 
40 , 384 
40 , 384 
40 , 384 
40 , 384 
40 , 384 
40 , 384 
40 , 384 
40 , 384 
40 , 384 
40 , 384 
40 , 384 
40 , 384 
40 , 384 
40 , 384 
40 , 384 
40 , 384 
40 , 384 
40 , 384 
40 , 384 
40 , 384 
40 , 384 
40 , 384 
40 , 384 
40 , 384 
40 , 384 
40 , 384 
40 , 384 
40 , 384 
40 , 384 
40 , 384 
40 , 384 
40 , 384 
40 , 384 
40 , 384 
40 , 384 
40 , 384 
40 , 384 
40 , 384 
40 , 384 
40 , 384 
40 , 384 
40 , 384 
40 , 384 
40 , 384 
40 , 384 
40 , 384 
40 , 384 
40 , 384 
40 , 384 
40 , 384 
40 , 384 
40 , 384 
40 , 384 
40 , 384 
40 , 384 
40 , 384 
40 , 384 
40 , 384 
40 , 384 
40 , 384 
40 , 384 
40 , 384 
40 , 384 
40 , 384 
40 , 384 
40 , 384 
40 , 384 
40 , 384 
40 , 384 
40 , 384 
40 , 384 
40 , 384 
40 , 384 
40 , 384 
40 , 384 
40 , 384 
40 , 384 
40 , 384 
40 , 384 
40 , 384 
40 , 384 
40 , 384 
40 , 384 
40 , 384 
40 , 384 
40 , 384 
40 , 384 
40 , 384 
40 , 384 
40 , 384 
40 , 384 
40 , 384 
40 , 384 
40 , 384 
40 , 384 
40 , 384 
40 , 384 
40 , 384 
40 , 384 
40 , 384 
40 , 384 
40 , 384 
40 , 384 
40 , 384 
40 , 384 
40 , 384 
40 , 384 
40 , 384 
40 , 384 
40 , 384 
40 , 384 
40 , 384 
40 , 384 
40 , 384 
40 , 384 
40 , 384 
40 , 384 
40 , 384 
40 , 384 
40 , 384 
40 , 384 
40 , 384 
40 , 384 
40 , 384 
40 , 384 
40 , 384 
40 , 384 
40 , 384 
40 , 384 
40 , 384 
40 , 384 
40 , 384 
40 , 384 
40 , 384 
40 , 384 
40 , 384 
40 , 384 
40 , 384 
40 , 384 
40 , 384 
40 , 384 
40 , 384 
40 , 384 
40 , 384 
40 , 384 
40 , 384 
40 , 384 
40 , 384 
40 , 384 
40 , 384 
40 , 384 
40 , 384 
40 , 384 
40 , 384 
40 , 384 
40 , 384 
40 , 384 
40 , 384 
40 , 384 
40 , 384 
40 , 384 
40 , 384 
40 , 384 
40 , 384 
40 , 384 
40 , 384 
40 , 384 
40 , 384 
40 , 384 
40 , 384 
40 , 384 
40 , 384 
40 , 384 
40 , 384 
40 , 384 
40 , 384 
40 , 384 
40 , 384 
40 , 384 
40 , 384 
40 , 384 
40 , 384 
40 , 384 
40 , 384 
40 , 384 
40 , 384 
40 , 384 
40 , 384 
40 , 384 
40 , 384 
40 , 384 
40 , 384 
40 , 384 
40 , 384 
40 , 384 
40 , 384 
40 , 384 
40 , 384 
40 , 384 
40 , 384 
40 , 384 
40 , 384 
40 , 384 
40 , 384 
40 , 384 
40 , 384 
40 , 384 
40 , 384 
40 , 384 
40 , 384 
40 , 384 
40 , 384 
40 , 384 
40 , 384 
40 , 384 
40 , 384 
40 , 384 
40 , 384 
40 , 384 
40 , 384 
40 , 384 
40 , 384 
40 , 384 
40 , 384 
40 , 384 
40 , 384 
40 , 384 
40 , 384 
40 , 384 
40 , 384 
40 , 384 
40 , 384 
40 , 384 
40 , 384 
40 , 384 
40 , 384 
40 , 384 
40 , 384 
40 , 384 
40 , 384 
40 , 384 
40 , 384 
40 , 384 
40 , 384 
40 , 384 
40 , 384 
40 , 384 
40 , 384 
40 , 384 
40 , 384 
40 , 384 
40 , 384 
40 , 384 
40 , 384 
40 , 384 
40 , 384 
40 , 384 
40 , 384 
40 , 384 
40 , 384 
40 , 384 
40 , 384 
40 , 384 
40 , 384 
40 , 384 
40 , 384 
40 , 384 
40 , 384 
40 , 384 
40 , 384 
40 , 384 
40 , 384 
40 , 384 
40 , 384 
40 , 384 
40 , 384 
40 , 384 
40 , 384 
40 , 384 
40 , 384 
40 , 384 
40 , 384 
40 , 384 
40 , 384 
40 , 384 
40 , 384 
40 , 384 
40 , 384 
40 , 384 
40 , 384 
40 , 384 
40 , 384 
40 , 384 
40 , 384 
40 , 384 
40 , 384 
40 , 384 
40 , 384 
40 , 384 
40 , 384 
40 , 384 
40 , 384 
40 , 384 
40 , 384 
40 , 384 
40 , 384 
40 , 384 
40 , 384 
40 , 384 
40 , 384 
40 , 384 
40 , 384 
40 , 384 
40 , 384 
40 , 384 
40 , 384 
40 , 384 
40 , 384 
40 , 384 
40 , 384 
40 , 384 
40 , 384 
40 , 384 
40 , 384 
40 , 384 
40 , 384 
40 , 384 
40 , 384 
40 , 384 
40 , 384 
40 , 384 
40 , 384 
40 , 384 
40 , 384 
40 , 384 
29 , 384 
29 , 384 
29 , 384 
29 , 384 
29 , 384 
29 , 384 
29 , 384 
29 , 384 
29 , 384 
29 , 384 
29 , 384 
29 , 384 
29 , 384 
29 , 384 
29 , 384 
29 , 384 
29 , 384 
29 , 384 
29 , 384 
29 , 384 
29 , 384 
29 , 384 
29 , 384 
29 , 384 
29 , 384 
29 , 384 
29 , 384 
29 , 384 
29 , 384 
29 , 384 
29 , 384 
29 , 384 
29 , 384 
29 , 384 
29 , 384 
29 , 384 
29 , 384 
29 , 384 
29 , 384 
29 , 384 
29 , 384 
29 , 384 
29 , 384 
29 , 384 
29 , 384 
29 , 384 
29 , 384 
29 , 384 
29 , 384 
29 , 384 
29 , 384 
29 , 384 
29 , 384 
29 , 384 
29 , 384 
29 , 384 
29 , 384 
29 , 384 
29 , 384 
29 , 384 
29 , 384 
29 , 384 
29 , 384 
29 , 384 
29 , 384 
29 , 384 
29 , 384 
29 , 384 
29 , 384 
29 , 384 
29 , 384 
29 , 384 
29 , 384 
29 , 384 
29 , 384 
29 , 384 
29 , 384 
29 , 384 
29 , 384 
29 , 384 
29 , 384 
29 , 384 
29 , 384 
29 , 384 
29 , 384 
29 , 384 
29 , 384 
29 , 384 
29 , 384 
29 , 384 
29 , 384 
29 , 384 
29 , 384 
29 , 384 
29 , 384 
29 , 384 
29 , 384 
29 , 384 
29 , 384 
29 , 384 
29 , 384 
29 , 384 
29 , 384 
29 , 384 
29 , 384 
29 , 384 
29 , 384 
29 , 384 
29 , 384 
29 , 384 
29 , 384 
29 , 384 
29 , 384 
29 , 384 
29 , 384 
29 , 384 
29 , 384 
29 , 384 
29 , 384 
29 , 384 
29 , 384 
29 , 384 
29 , 384 
29 , 384 
29 , 384 
29 , 384 
29 , 384 
29 , 384 
29 , 384 
29 , 384 
29 , 384 
29 , 384 
29 , 384 
29 , 384 
29 , 384 
29 , 384 
29 , 384 
29 , 384 
29 , 384 
29 , 384 
29 , 384 
29 , 384 
29 , 384 
29 , 384 
29 , 384 
29 , 384 
29 , 384 
29 , 384 
29 , 384 
29 , 384 
29 , 384 
29 , 384 
29 , 384 
29 , 384 
29 , 384 
29 , 384 
29 , 384 
29 , 384 
29 , 384 
29 , 384 
29 , 384 
29 , 384 
29 , 384 
29 , 384 
29 , 384 
29 , 384 
29 , 384 
29 , 384 
29 , 384 
29 , 384 
29 , 384 
29 , 384 
29 , 384 
29 , 384 
29 , 384 
29 , 384 
29 , 384 
29 , 384 
29 , 384 
29 , 384 
29 , 384 
29 , 384 
29 , 384 
29 , 384 
29 , 384 
29 , 384 
29 , 384 
29 , 384 
29 , 384 
29 , 384 
29 , 384 
29 , 384 
29 , 384 
29 , 384 
29 , 384 
29 , 384 
29 , 384 
29 , 384 
29 , 384 
29 , 384 
29 , 384 
29 , 384 
29 , 384 
29 , 384 
29 , 384 
29 , 384 
29 , 384 
29 , 384 
29 , 384 
29 , 384 
29 , 384 
29 , 384 
29 , 384 
29 , 384 
29 , 384 
29 , 384 
29 , 384 
29 , 384 
29 , 384 
29 , 384 
29 , 384 
29 , 384 
29 , 384 
29 , 384 
29 , 384 
29 , 384 
29 , 384 
29 , 384 
29 , 384 
29 , 384 
29 , 384 
29 , 384 
29 , 384 
29 , 384 
29 , 384 
29 , 384 
29 , 384 
29 , 384 
29 , 384 
29 , 384 
29 , 384 
29 , 384 
29 , 384 
29 , 384 
29 , 384 
29 , 384 
29 , 384 
29 , 384 
29 , 384 
29 , 384 
29 , 384 
29 , 384 
29 , 384 
29 , 384 
29 , 384 
29 , 384 
29 , 384 
29 , 384 
29 , 384 
29 , 384 
29 , 384 
29 , 384 
29 , 384 
29 , 384 
29 , 384 
29 , 384 
29 , 384 
29 , 384 
29 , 384 
29 , 384 
29 , 384 
29 , 384 
29 , 384 
29 , 384 
29 , 384 
29 , 384 
29 , 384 
29 , 384 
29 , 384 
29 , 384 
29 , 384 
29 , 384 
29 , 384 
29 , 384 
29 , 384 
29 , 384 
29 , 384 
29 , 384 
29 , 384 
29 , 384 
29 , 384 
29 , 384 
29 , 384 
29 , 384 
29 , 384 
29 , 384 
29 , 384 
29 , 384 
29 , 384 
29 , 384 
29 , 384 
29 , 384 
29 , 384 
29 , 384 
29 , 384 
29 , 384 
29 , 384 
29 , 384 
29 , 384 
29 , 384 
29 , 384 
29 , 384 
29 , 384 
29 , 384 
29 , 384 
29 , 384 
29 , 384 
29 , 384 
29 , 384 
29 , 384 
29 , 384 
29 , 384 
29 , 384 
29 , 384 
29 , 384 
29 , 384 
29 , 384 
29 , 384 
29 , 384 
29 , 384 
29 , 384 
29 , 384 
29 , 384 
29 , 384 
29 , 384 
29 , 384 
29 , 384 
29 , 384 
29 , 384 
29 , 384 
29 , 384 
29 , 384 
29 , 384 
29 , 384 
29 , 384 
29 , 384 
29 , 384 
29 , 384 
29 , 384 
29 , 384 
29 , 384 
29 , 384 
29 , 384 
29 , 384 
29 , 384 
29 , 384 
29 , 384 
29 , 384 
29 , 384 
29 , 384 
29 , 384 
29 , 384 
29 , 384 
29 , 384 
29 , 384 
29 , 384 
29 , 384 
29 , 384 
29 , 384 
29 , 384 
29 , 384 
29 , 384 
29 , 384 
29 , 384 
29 , 384 
29 , 384 
29 , 384 
29 , 384 
29 , 384 
29 , 384 
29 , 384 
29 , 384 
29 , 384 
29 , 384 
21 , 384 
21 , 384 
21 , 384 
21 , 384 
21 , 384 
21 , 384 
21 , 384 
21 , 384 
21 , 384 
21 , 384 
21 , 384 
21 , 384 
21 , 384 
21 , 384 
21 , 384 
21 , 384 
21 , 384 
21 , 384 
21 , 384 
21 , 384 
21 , 384 
21 , 384 
21 , 384 
21 , 384 
21 , 384 
21 , 384 
21 , 384 
21 , 384 
21 , 384 
21 , 384 
21 , 384 
21 , 384 
21 , 384 
21 , 384 
21 , 384 
21 , 384 
21 , 384 
21 , 384 
21 , 384 
21 , 384 
21 , 384 
21 , 384 
21 , 384 
21 , 384 
21 , 384 
21 , 384 
21 , 384 
21 , 384 
21 , 384 
21 , 384 
21 , 384 
21 , 384 
21 , 384 
21 , 384 
21 , 384 
21 , 384 
21 , 384 
21 , 384 
21 , 384 
21 , 384 
21 , 384 
21 , 384 
21 , 384 
21 , 384 
21 , 384 
21 , 384 
21 , 384 
21 , 384 
21 , 384 
21 , 384 
21 , 384 
21 , 384 
21 , 384 
21 , 384 
21 , 384 
21 , 384 
21 , 384 
21 , 384 
21 , 384 
21 , 384 
21 , 384 
21 , 384 
21 , 384 
21 , 384 
21 , 384 
21 , 384 
21 , 384 
21 , 384 
21 , 384 
21 , 384 
21 , 384 
21 , 384 
21 , 384 
21 , 384 
21 , 384 
21 , 384 
21 , 384 
21 , 384 
21 , 384 
21 , 384 
21 , 384 
21 , 384 
21 , 384 
21 , 384 
21 , 384 
21 , 384 
21 , 384 
21 , 384 
21 , 384 
21 , 384 
21 , 384 
21 , 384 
21 , 384 
21 , 384 
21 , 384 
21 , 384 
21 , 384 
21 , 384 
21 , 384 
21 , 384 
21 , 384 
21 , 384 
21 , 384 
21 , 384 
21 , 384 
21 , 384 
21 , 384 
21 , 384 
21 , 384 
21 , 384 
21 , 384 
21 , 384 
21 , 384 
21 , 384 
21 , 384 
21 , 384 
21 , 384 
21 , 384 
21 , 384 
21 , 384 
21 , 384 
21 , 384 
21 , 384 
21 , 384 
21 , 384 
21 , 384 
21 , 384 
21 , 384 
21 , 384 
21 , 384 
21 , 384 
21 , 384 
21 , 384 
21 , 384 
21 , 384 
21 , 384 
21 , 384 
21 , 384 
21 , 384 
21 , 384 
21 , 384 
21 , 384 
21 , 384 
21 , 384 
21 , 384 
21 , 384 
21 , 384 
21 , 384 
21 , 384 
21 , 384 
21 , 384 
21 , 384 
21 , 384 
21 , 384 
21 , 384 
21 , 384 
21 , 384 
21 , 384 
21 , 384 
21 , 384 
21 , 384 
21 , 384 
21 , 384 
21 , 384 
21 , 384 
21 , 384 
21 , 384 
21 , 384 
21 , 384 
21 , 384 
21 , 384 
21 , 384 
21 , 384 
21 , 384 
21 , 384 
21 , 384 
21 , 384 
21 , 384 
21 , 384 
21 , 384 
21 , 384 
21 , 384 
21 , 384 
21 , 384 
21 , 384 
21 , 384 
21 , 384 
21 , 384 
21 , 384 
21 , 384 
21 , 384 
21 , 384 
21 , 384 
21 , 384 
21 , 384 
21 , 384 
21 , 384 
21 , 384 
21 , 384 
21 , 384 
21 , 384 
21 , 384 
21 , 384 
21 , 384 
21 , 384 
21 , 384 
21 , 384 
21 , 384 
21 , 384 
21 , 384 
21 , 384 
21 , 384 
21 , 384 
21 , 384 
21 , 384 
21 , 384 
21 , 384 
21 , 384 
21 , 384 
21 , 384 
21 , 384 
21 , 384 
21 , 384 
21 , 384 
21 , 384 
21 , 384 
21 , 384 
21 , 384 
21 , 384 
21 , 384 
21 , 384 
21 , 384 
21 , 384 
21 , 384 
21 , 384 
21 , 384 
21 , 384 
21 , 384 
21 , 384 
21 , 384 
21 , 384 
21 , 384 
21 , 384 
21 , 384 
21 , 384 
21 , 384 
21 , 384 
21 , 384 
21 , 384 
21 , 384 
21 , 384 
21 , 384 
21 , 384 
21 , 384 
21 , 384 
21 , 384 
21 , 384 
21 , 384 
21 , 384 
21 , 384 
21 , 384 
21 , 384 
21 , 384 
21 , 384 
21 , 384 
21 , 384 
21 , 384 
21 , 384 
21 , 384 
21 , 384 
21 , 384 
21 , 384 
21 , 384 
21 , 384 
21 , 384 
21 , 384 
21 , 384 
21 , 384 
21 , 384 
21 , 384 
21 , 384 
21 , 384 
21 , 384 
21 , 384 
21 , 384 
21 , 384 
21 , 384 
21 , 384 
21 , 384 
21 , 384 
21 , 384 
21 , 384 
21 , 384 
21 , 384 
21 , 384 
21 , 384 
21 , 384 
21 , 384 
21 , 384 
21 , 384 
21 , 384 
21 , 384 
21 , 384 
21 , 384 
21 , 384 
21 , 384 
21 , 384 
21 , 384 
21 , 384 
21 , 384 
21 , 384 
21 , 384 
21 , 384 
21 , 384 
21 , 384 
21 , 384 
21 , 384 
21 , 384 
21 , 384 
21 , 384 
21 , 384 
21 , 384 
21 , 384 
21 , 384 
21 , 384 
21 , 384 
21 , 384 
21 , 384 
21 , 384 
21 , 384 
21 , 384 
21 , 384 
21 , 384 
21 , 384 
21 , 384 
21 , 384 
21 , 384 
21 , 384 
21 , 384 
21 , 384 
21 , 384 
21 , 384 
21 , 384 
21 , 384 
21 , 384 
21 , 384 
21 , 384 
21 , 384 
21 , 384 
21 , 384 
21 , 384 
21 , 384 
21 , 384 
21 , 384 
21 , 384 
21 , 384 
21 , 384 
21 , 384 
21 , 384 
21 , 384 
21 , 384 
21 , 384 
21 , 384 
21 , 384 
